{"_id": "3ff6c1e484ef45a58df6f9ad74f9112d", "_source": {"document_name": "w9 10.pdf", "project_id": "38cf07b882d4420aa4cfee95ca2e4a18", "storage_link": "38cf07b882d4420aa4cfee95ca2e4a18/1698839672168/w9 10.pdf", "created_time": "2023-11-01T11:54:32.192027", "created_user": "249440@ust.com", "updated_time": "2023-10-13T05:25:59.666568", "updated_user": "249440@ust.com", "locked_by": "249440@ust.com", "locked_time": "2023-11-01T12:19:25.252803", "annotation_updated_user": "249440@ust.com", "annotation_updated_time": "2023-11-01T12:19:25.252801", "business_relevance": true, "pages": [{"image_loc": "dut_image/3ff6c1e484ef45a58df6f9ad74f9112d/images/w9 10_0.jpeg", "foi_annotation": [{"coord": {"y1": 260, "x1": 165, "y2": 297, "x2": 286}, "field_ref_id": "d012ac0374074955802d06521e66d321"}, {"coord": {"y1": 325, "x1": 165, "y2": 362, "x2": 400}, "field_ref_id": "71a413b8ca49454f8fddb9a0935285ce"}, {"coord": {"y1": 463, "x1": 1527, "y2": 495, "x2": 1580}, "field_ref_id": "596675705fc74c638cc88a0cfa957cc6"}, {"coord": {"y1": 563, "x1": 1462, "y2": 595, "x2": 1538}, "field_ref_id": "627d7fcb1a264675993ba5af6950164a"}, {"coord": {"y1": 694, "x1": 163, "y2": 728, "x2": 309}, "field_ref_id": "1a0586ff9ded4278b9f1e334759d8b99"}, {"coord": {"y1": 758, "x1": 163, "y2": 792, "x2": 235}, "field_ref_id": "9890f711b0fd445cbc3e8f58cf58cd06"}, {"coord": {"y1": 759, "x1": 244, "y2": 796, "x2": 325}, "field_ref_id": "c646cb074a7748f084769cc425169f51"}, {"coord": {"y1": 760, "x1": 335, "y2": 797, "x2": 428}, "field_ref_id": "67fe9746f8cc42c5adaab048f0db0b66"}, {"coord": {"y1": 695, "x1": 1087, "y2": 762, "x2": 1496}, "field_ref_id": "a266e48011fc4f58b895ed530239783e"}, {"coord": {"y1": 830, "x1": 808, "y2": 862, "x2": 954}, "field_ref_id": "8d7d0a1af2414e7bbfc8408b7845178e"}, {"coord": {"y1": 1514, "x1": 1176, "y2": 1560, "x2": 1346}, "field_ref_id": "e839e22370b64f16a0e06af5d8bb33cb"}, {"coord": {"y1": 1073, "x1": 1166, "y2": 1128, "x2": 1554}, "field_ref_id": "faf209a832b244c79a466b8c5e407081"}, {"coord": {"y1": 942, "x1": 1166, "y2": 993, "x2": 1592}, "field_ref_id": "b86601a42acd417ebbc2aeae8186afc0"}], "width": 1700, "table_annotation": [], "ocr": "", "height": 2200}], "file_type": "pdf", "parent_doc_id": "", "tags": [], "annotated": true, "valid_for_annotation": true, "prepare_message": "", "test_document": false, "auto_annotation": false, "similarity": "Similar"}}