{"_id": "456407f298ef4f62a35fe06b5746f12d", "_source": {"document_name": "w9 4.pdf", "project_id": "38cf07b882d4420aa4cfee95ca2e4a18", "storage_link": "38cf07b882d4420aa4cfee95ca2e4a18/1698839681097/w9 4.pdf", "created_time": "2023-11-01T11:54:41.127418", "created_user": "249440@ust.com", "updated_time": "2023-10-13T05:25:29.738088", "updated_user": "249440@ust.com", "locked_by": "249440@ust.com", "locked_time": "2023-11-01T12:12:36.761554", "annotation_updated_user": "249440@ust.com", "annotation_updated_time": "2023-11-01T12:12:36.761552", "business_relevance": true, "pages": [{"image_loc": "dut_image/456407f298ef4f62a35fe06b5746f12d/images/w9 4_0.jpeg", "foi_annotation": [{"coord": {"y1": 260, "x1": 165, "y2": 297, "x2": 379}, "field_ref_id": "d012ac0374074955802d06521e66d321"}, {"coord": {"y1": 328, "x1": 165, "y2": 362, "x2": 374}, "field_ref_id": "71a413b8ca49454f8fddb9a0935285ce"}, {"coord": {"y1": 464, "x1": 1532, "y2": 496, "x2": 1576}, "field_ref_id": "596675705fc74c638cc88a0cfa957cc6"}, {"coord": {"y1": 565, "x1": 1476, "y2": 597, "x2": 1536}, "field_ref_id": "627d7fcb1a264675993ba5af6950164a"}, {"coord": {"y1": 693, "x1": 163, "y2": 730, "x2": 433}, "field_ref_id": "1a0586ff9ded4278b9f1e334759d8b99"}, {"coord": {"y1": 761, "x1": 163, "y2": 798, "x2": 223}, "field_ref_id": "9890f711b0fd445cbc3e8f58cf58cd06"}, {"coord": {"y1": 761, "x1": 230, "y2": 798, "x2": 278}, "field_ref_id": "c646cb074a7748f084769cc425169f51"}, {"coord": {"y1": 762, "x1": 284, "y2": 794, "x2": 356}, "field_ref_id": "67fe9746f8cc42c5adaab048f0db0b66"}, {"coord": {"y1": 692, "x1": 1085, "y2": 766, "x2": 1448}, "field_ref_id": "a266e48011fc4f58b895ed530239783e"}, {"coord": {"y1": 830, "x1": 803, "y2": 862, "x2": 954}, "field_ref_id": "8d7d0a1af2414e7bbfc8408b7845178e"}, {"coord": {"y1": 1514, "x1": 1180, "y2": 1553, "x2": 1333}, "field_ref_id": "e839e22370b64f16a0e06af5d8bb33cb"}, {"coord": {"y1": 1070, "x1": 1169, "y2": 1128, "x2": 1555}, "field_ref_id": "faf209a832b244c79a466b8c5e407081"}, {"coord": {"y1": 942, "x1": 1169, "y2": 993, "x2": 1597}, "field_ref_id": "b86601a42acd417ebbc2aeae8186afc0"}], "width": 1700, "table_annotation": [], "ocr": "", "height": 2200}], "file_type": "pdf", "parent_doc_id": "", "tags": [], "annotated": true, "valid_for_annotation": true, "prepare_message": "", "test_document": false, "auto_annotation": false, "similarity": "Similar"}}