{"_id": "7fd666642f354ba9b5dc423dc9e65078", "_source": {"document_name": "9267327699.pdf", "project_id": "7bb6490c8baa4ba9baeee046e0888e35", "storage_link": "7bb6490c8baa4ba9baeee046e0888e35/1696412195237/9267327699.pdf", "created_time": "2023-10-04T09:36:35.270514", "created_user": "249440@ust.com", "updated_time": "2023-10-04T06:21:50.330963", "updated_user": "249440@ust.com", "locked_by": "249440@ust.com", "locked_time": "2023-10-05T04:46:09.424615", "annotation_updated_user": "249440@ust.com", "annotation_updated_time": "2023-10-04T09:30:28.533694", "business_relevance": true, "pages": [{"image_loc": "dut_image/7fd666642f354ba9b5dc423dc9e65078/images/9267327699_0.jpeg", "foi_annotation": [{"coord": {"y1": 105, "x1": 221, "y2": 136, "x2": 393}, "field_ref_id": "8ce6b585524644c699d6870494487910"}, {"coord": {"y1": 136, "x1": 212, "y2": 160, "x2": 461}, "field_ref_id": "a2642793de224b728f64fee1ab38686e"}, {"coord": {"y1": 131, "x1": 649, "y2": 163, "x2": 762}, "field_ref_id": "2795bb04afee43578be5bbb9c5900733"}, {"coord": {"y1": 821, "x1": 758, "y2": 847, "x2": 807}, "field_ref_id": "d07a1b4a52cf4b92bd4f4f4cd193a8a2"}, {"coord": {"y1": 165, "x1": 641, "y2": 189, "x2": 754}, "field_ref_id": "d4519c3805aa46c49b78d77c467f0e94"}], "width": 820, "table_annotation": [], "ocr": "", "height": 1253}], "file_type": "pdf", "parent_doc_id": "", "tags": [], "annotated": true, "valid_for_annotation": true, "prepare_message": "", "test_document": false, "auto_annotation": false, "similarity": "New"}}