{"name": "W9_ASHWIN_10_26_2023", "description": "W9_ASHWIN_10_26_2023", "org_name": "ustglobal", "train_config": {"mock_train": false, "base": {"foi": {"model_id": "94eee37681554008a69fe277718aa1be"}, "table": {"model_id": "0df2de74f45e4223b3cf6ee9235142e9"}, "option": "base"}}, "train_status": "Model Created", "train_status_message": "", "foi_fields": [{"synonyms": ["name"], "name": "name", "id": "d012ac0374074955802d06521e66d321"}, {"synonyms": ["business name", "disregarded entity name"], "name": "businessname", "id": "71a413b8ca49454f8fddb9a0935285ce"}, {"synonyms": ["tax classification"], "name": "taxclassification", "id": "212fb032940b4de8840bf200e76416eb"}, {"synonyms": ["llc tax classification"], "name": "llctaxclassification", "id": "63a64577e9e64cfc997e09147ef1a728"}, {"synonyms": ["other tax classification"], "name": "othertaxclassification", "id": "cd56f54327ab483e9857d4168f4f0d16"}, {"synonyms": ["exempt payee code", "payee code"], "name": "exemptpayeecode", "id": "596675705fc74c638cc88a0cfa957cc6"}, {"synonyms": ["exemption fatca code", "factca"], "name": "exemptionfatcacode", "id": "627d7fcb1a264675993ba5af6950164a"}, {"synonyms": ["address"], "name": "address", "id": "1a0586ff9ded4278b9f1e334759d8b99"}, {"synonyms": ["city"], "name": "city", "id": "9890f711b0fd445cbc3e8f58cf58cd06"}, {"synonyms": ["state"], "name": "state", "id": "c646cb074a7748f084769cc425169f51"}, {"synonyms": ["zipcode", "zip code"], "name": "zipcode", "id": "67fe9746f8cc42c5adaab048f0db0b66"}, {"synonyms": ["account numbers", "list account number", "list account number(s) here (optional)"], "name": "accountnumbers", "id": "8d7d0a1af2414e7bbfc8408b7845178e"}, {"synonyms": ["social security number", "ssn", "social security", "security number", "social"], "name": "ssn", "id": "aa9d86532ce548be924973a631724d79"}, {"synonyms": ["ein", "employer identification number", "employer", "employer identification", "identification number", "employee identification number"], "name": "ein", "id": "d22007e62c8a4d019e6017f70c80f12b"}, {"synonyms": ["requester name and address", "requester's name and address", "requester's name and address (optional)"], "name": "requesternameandaddress", "id": "a266e48011fc4f58b895ed530239783e"}, {"synonyms": ["signature"], "name": "signature", "id": "40d9370933714572a4cd70a52617f741"}, {"synonyms": ["date"], "name": "date", "id": "e839e22370b64f16a0e06af5d8bb33cb"}, {"synonyms": ["employer identification number", "identification number"], "name": "employeridentificationnumber", "data_type": "alpha", "id": "faf209a832b244c79a466b8c5e407081"}, {"synonyms": ["social security number", "security number", "social number", "social security"], "name": "socialsecuritynumber", "data_type": "alpha", "id": "b86601a42acd417ebbc2aeae8186afc0"}], "tables": [], "model_loc_foi": "38cf07b882d4420aa4cfee95ca2e4a18/0c06d88a41914612bac52c954a4ca6b2/smart_extract_foi/", "model_loc_table": "", "model_id_foi": "51308c854b944b54a1fac881094f756a", "model_id_table": "", "modified_by": "249440@ust.com", "modified_date": "2023-11-01T12:29:35.041428", "created_by": "249440@ust.com", "created_date": "2023-10-26T09:55:48.139722", "deleted": false, "prediction_triggred": false, "prediction_triggred_on": null, "ocr_engine": "AZURE", "model_type": "extraction", "similarity_image_classification": "38cf07b882d4420aa4cfee95ca2e4a18/similarity_image_classification", "mem_group_id": ""}