{"name": "Demo_training", "description": "Demo_training_test", "org_name": "ustglobal", "train_config": {"mock_train": false, "base": {"foi": {"model_id": "94eee37681554008a69fe277718aa1be"}, "table": {"model_id": "0df2de74f45e4223b3cf6ee9235142e9"}, "option": "base"}}, "train_status": "", "train_status_message": "", "foi_fields": [{"synonyms": ["invoice_number", "invoice_no"], "name": "invoice_number", "data_type": "alpha", "id": "8ce6b585524644c699d6870494487910"}, {"synonyms": ["order_id"], "name": "order_id", "data_type": "alpha", "id": "438fa462574f43f49c383b8f6bac9806"}, {"synonyms": ["order_date"], "name": "order_date", "data_type": "alpha", "id": "d4519c3805aa46c49b78d77c467f0e94"}, {"synonyms": ["invoice_date"], "name": "invoice_date", "data_type": "alpha", "id": "2795bb04afee43578be5bbb9c5900733"}, {"synonyms": ["grand total", "total_amount"], "name": "total", "data_type": "alpha", "id": "d07a1b4a52cf4b92bd4f4f4cd193a8a2"}, {"synonyms": ["order_id"], "name": "order_number", "data_type": "alpha", "id": "a2642793de224b728f64fee1ab38686e"}], "tables": [{"columns": [{"synonyms": ["prdt"], "name": "Product", "data_type": "alpha"}, {"synonyms": ["title"], "name": "Title", "data_type": "alpha"}, {"synonyms": ["quantity"], "name": "Qty", "data_type": "alpha"}, {"synonyms": ["grs amt"], "name": "Gross Amount", "data_type": "alpha"}, {"synonyms": ["disc/coupon"], "name": "Discount/Coupons", "data_type": "alpha"}, {"synonyms": ["taxable value"], "name": "Taxable Value", "data_type": "alpha"}, {"synonyms": ["igst"], "name": "IGST", "data_type": "alpha"}, {"synonyms": ["total"], "name": "Total", "data_type": "alpha"}, {"synonyms": ["oc"], "name": "other charges", "data_type": "alpha"}, {"synonyms": ["cgst"], "name": "CGST", "data_type": "alpha"}, {"synonyms": ["sgst/ugst"], "name": "SGST/UGST", "data_type": "alpha"}, {"synonyms": ["cess"], "name": "Cess", "data_type": "alpha"}], "name": "table_data", "id": "0ba4cb5fb8f44a94bf6472715821d1bc"}], "model_loc_foi": "", "model_loc_table": "", "model_id_foi": "", "model_id_table": "", "modified_by": "249440@ust.com", "modified_date": "2023-10-04T09:30:28.500736", "created_by": "249440@ust.com", "created_date": "2023-10-04T06:11:03.371992", "deleted": false, "prediction_triggred": false, "prediction_triggred_on": null, "ocr_engine": "TESSERACT", "model_type": "extraction"}