{"_id": "e82cb63a98e842b2bc459383a85b3eb1", "_source": {"document_name": "w9 3.pdf", "project_id": "38cf07b882d4420aa4cfee95ca2e4a18", "storage_link": "38cf07b882d4420aa4cfee95ca2e4a18/1698839686772/w9 3.pdf", "created_time": "2023-11-01T11:54:46.801491", "created_user": "249440@ust.com", "updated_time": "2023-10-13T05:25:34.334809", "updated_user": "249440@ust.com", "locked_by": "249440@ust.com", "locked_time": "2023-11-01T12:09:05.513397", "annotation_updated_user": "249440@ust.com", "annotation_updated_time": "2023-11-01T12:09:05.513395", "business_relevance": true, "pages": [{"image_loc": "dut_image/e82cb63a98e842b2bc459383a85b3eb1/images/w9 3_0.jpeg", "foi_annotation": [{"coord": {"y1": 259, "x1": 165, "y2": 296, "x2": 323}, "field_ref_id": "d012ac0374074955802d06521e66d321"}, {"coord": {"y1": 321, "x1": 165, "y2": 362, "x2": 374}, "field_ref_id": "71a413b8ca49454f8fddb9a0935285ce"}, {"coord": {"y1": 499, "x1": 1171, "y2": 529, "x2": 1222}, "field_ref_id": "63a64577e9e64cfc997e09147ef1a728"}, {"coord": {"y1": 460, "x1": 1525, "y2": 494, "x2": 1594}, "field_ref_id": "596675705fc74c638cc88a0cfa957cc6"}, {"coord": {"y1": 563, "x1": 1471, "y2": 595, "x2": 1536}, "field_ref_id": "627d7fcb1a264675993ba5af6950164a"}, {"coord": {"y1": 692, "x1": 165, "y2": 729, "x2": 341}, "field_ref_id": "1a0586ff9ded4278b9f1e334759d8b99"}, {"coord": {"y1": 760, "x1": 163, "y2": 797, "x2": 307}, "field_ref_id": "9890f711b0fd445cbc3e8f58cf58cd06"}, {"coord": {"y1": 758, "x1": 314, "y2": 795, "x2": 344}, "field_ref_id": "c646cb074a7748f084769cc425169f51"}, {"coord": {"y1": 764, "x1": 351, "y2": 796, "x2": 418}, "field_ref_id": "67fe9746f8cc42c5adaab048f0db0b66"}, {"coord": {"y1": 824, "x1": 805, "y2": 863, "x2": 956}, "field_ref_id": "8d7d0a1af2414e7bbfc8408b7845178e"}, {"coord": {"y1": 693, "x1": 1087, "y2": 762, "x2": 1429}, "field_ref_id": "a266e48011fc4f58b895ed530239783e"}, {"coord": {"y1": 1511, "x1": 1206, "y2": 1552, "x2": 1371}, "field_ref_id": "e839e22370b64f16a0e06af5d8bb33cb"}, {"coord": {"y1": 1078, "x1": 1169, "y2": 1124, "x2": 1553}, "field_ref_id": "faf209a832b244c79a466b8c5e407081"}, {"coord": {"y1": 942, "x1": 1166, "y2": 990, "x2": 1594}, "field_ref_id": "b86601a42acd417ebbc2aeae8186afc0"}], "width": 1700, "table_annotation": [], "ocr": "", "height": 2200}], "file_type": "pdf", "parent_doc_id": "", "tags": [], "annotated": true, "valid_for_annotation": true, "prepare_message": "", "test_document": false, "auto_annotation": false, "similarity": "Similar"}}