{"_id": "2e400f6c18a04f13ae348d7129bfe810", "_source": {"document_name": "OD126112539826959000.pdf", "project_id": "7bb6490c8baa4ba9baeee046e0888e35", "storage_link": "7bb6490c8baa4ba9baeee046e0888e35/1696400305/OD126112539826959000.pdf", "created_time": "2023-10-04T06:18:25.602752", "created_user": "249440@ust.com", "updated_time": "2023-10-04T06:21:54.819570", "updated_user": "249440@ust.com", "locked_by": "249440@ust.com", "locked_time": "2023-10-04T09:16:11.345783", "annotation_updated_user": "249440@ust.com", "annotation_updated_time": "2023-10-04T09:16:11.345782", "business_relevance": true, "pages": [{"image_loc": "dut_image/2e400f6c18a04f13ae348d7129bfe810/images/OD126112539826959000_0.jpeg", "foi_annotation": [{"coord": {"y1": 240, "x1": 1358, "y2": 280, "x2": 1564}, "field_ref_id": "8ce6b585524644c699d6870494487910"}, {"coord": {"y1": 321, "x1": 133, "y2": 352, "x2": 440}, "field_ref_id": "438fa462574f43f49c383b8f6bac9806"}, {"coord": {"y1": 366, "x1": 160, "y2": 406, "x2": 311}, "field_ref_id": "d4519c3805aa46c49b78d77c467f0e94"}, {"coord": {"y1": 409, "x1": 179, "y2": 454, "x2": 317}, "field_ref_id": "2795bb04afee43578be5bbb9c5900733"}, {"coord": {"y1": 1129, "x1": 1458, "y2": 1178, "x2": 1580}, "field_ref_id": "d07a1b4a52cf4b92bd4f4f4cd193a8a2"}], "width": 1653, "table_annotation": [{"coord": {"y1": 600, "x1": 0, "y2": 1087, "x2": 1609}, "table_ref_id": "0ba4cb5fb8f44a94bf6472715821d1bc", "column_coord": [{"y1": 600, "x1": 0, "y2": 1086, "x2": 278}, {"y1": 600, "x1": 0, "y2": 1086, "x2": 713}, {"y1": 600, "x1": 0, "y2": 1086, "x2": 844}, {"y1": 600, "x1": 0, "y2": 1086, "x2": 987}, {"y1": 600, "x1": 0, "y2": 1086, "x2": 1159}, {"y1": 600, "x1": 0, "y2": 1086, "x2": 1327}, {"y1": 600, "x1": 0, "y2": 1086, "x2": 1453}]}], "ocr": "", "height": 2339}], "file_type": "pdf", "parent_doc_id": "", "tags": [], "annotated": true, "valid_for_annotation": true, "prepare_message": "", "test_document": false, "auto_annotation": false, "similarity": "New"}}