{"_id": "51ce208112ca4837a28ca21b35a77a22", "_source": {"document_name": "w9 6.pdf", "project_id": "38cf07b882d4420aa4cfee95ca2e4a18", "storage_link": "38cf07b882d4420aa4cfee95ca2e4a18/1698839673975/w9 6.pdf", "created_time": "2023-11-01T11:54:34.003593", "created_user": "249440@ust.com", "updated_time": "2023-10-13T05:25:45.212013", "updated_user": "249440@ust.com", "locked_by": "249440@ust.com", "locked_time": "2023-11-01T12:15:00.479576", "annotation_updated_user": "249440@ust.com", "annotation_updated_time": "2023-11-01T12:15:00.479574", "business_relevance": true, "pages": [{"image_loc": "dut_image/51ce208112ca4837a28ca21b35a77a22/images/w9 6_0.jpeg", "foi_annotation": [{"coord": {"y1": 260, "x1": 165, "y2": 294, "x2": 367}, "field_ref_id": "d012ac0374074955802d06521e66d321"}, {"coord": {"y1": 328, "x1": 165, "y2": 362, "x2": 365}, "field_ref_id": "71a413b8ca49454f8fddb9a0935285ce"}, {"coord": {"y1": 465, "x1": 1530, "y2": 497, "x2": 1576}, "field_ref_id": "596675705fc74c638cc88a0cfa957cc6"}, {"coord": {"y1": 567, "x1": 1471, "y2": 597, "x2": 1533}, "field_ref_id": "627d7fcb1a264675993ba5af6950164a"}, {"coord": {"y1": 693, "x1": 163, "y2": 730, "x2": 367}, "field_ref_id": "1a0586ff9ded4278b9f1e334759d8b99"}, {"coord": {"y1": 759, "x1": 163, "y2": 796, "x2": 288}, "field_ref_id": "9890f711b0fd445cbc3e8f58cf58cd06"}, {"coord": {"y1": 759, "x1": 298, "y2": 796, "x2": 372}, "field_ref_id": "c646cb074a7748f084769cc425169f51"}, {"coord": {"y1": 760, "x1": 382, "y2": 794, "x2": 472}, "field_ref_id": "67fe9746f8cc42c5adaab048f0db0b66"}, {"coord": {"y1": 819, "x1": 805, "y2": 863, "x2": 954}, "field_ref_id": "8d7d0a1af2414e7bbfc8408b7845178e"}, {"coord": {"y1": 1512, "x1": 1176, "y2": 1556, "x2": 1336}, "field_ref_id": "e839e22370b64f16a0e06af5d8bb33cb"}, {"coord": {"y1": 1075, "x1": 1169, "y2": 1126, "x2": 1553}, "field_ref_id": "faf209a832b244c79a466b8c5e407081"}, {"coord": {"y1": 939, "x1": 1166, "y2": 990, "x2": 1594}, "field_ref_id": "b86601a42acd417ebbc2aeae8186afc0"}], "width": 1700, "table_annotation": [], "ocr": "", "height": 2200}], "file_type": "pdf", "parent_doc_id": "", "tags": [], "annotated": true, "valid_for_annotation": true, "prepare_message": "", "test_document": false, "auto_annotation": false, "similarity": "Similar"}}