{"_id": "4838b71abaed43dba91863bfc0eabb11", "_source": {"document_name": "W9 7.pdf", "project_id": "38cf07b882d4420aa4cfee95ca2e4a18", "storage_link": "38cf07b882d4420aa4cfee95ca2e4a18/1698839690060/W9 7.pdf", "created_time": "2023-11-01T11:54:50.089451", "created_user": "249440@ust.com", "updated_time": "2023-10-13T05:25:54.833708", "updated_user": "249440@ust.com", "locked_by": "249440@ust.com", "locked_time": "2023-11-01T12:05:33.545505", "annotation_updated_user": "249440@ust.com", "annotation_updated_time": "2023-11-01T12:05:33.545503", "business_relevance": true, "pages": [{"image_loc": "dut_image/4838b71abaed43dba91863bfc0eabb11/images/W9 7_0.jpeg", "foi_annotation": [{"coord": {"y1": 260, "x1": 165, "y2": 297, "x2": 325}, "field_ref_id": "d012ac0374074955802d06521e66d321"}, {"coord": {"y1": 328, "x1": 165, "y2": 360, "x2": 397}, "field_ref_id": "71a413b8ca49454f8fddb9a0935285ce"}, {"coord": {"y1": 467, "x1": 1532, "y2": 494, "x2": 1576}, "field_ref_id": "596675705fc74c638cc88a0cfa957cc6"}, {"coord": {"y1": 564, "x1": 1462, "y2": 596, "x2": 1538}, "field_ref_id": "627d7fcb1a264675993ba5af6950164a"}, {"coord": {"y1": 633, "x1": 817, "y2": 663, "x2": 891}, "field_ref_id": "cd56f54327ab483e9857d4168f4f0d16"}, {"coord": {"y1": 694, "x1": 163, "y2": 731, "x2": 391}, "field_ref_id": "1a0586ff9ded4278b9f1e334759d8b99"}, {"coord": {"y1": 761, "x1": 165, "y2": 795, "x2": 304}, "field_ref_id": "9890f711b0fd445cbc3e8f58cf58cd06"}, {"coord": {"y1": 761, "x1": 309, "y2": 793, "x2": 385}, "field_ref_id": "c646cb074a7748f084769cc425169f51"}, {"coord": {"y1": 762, "x1": 396, "y2": 796, "x2": 486}, "field_ref_id": "67fe9746f8cc42c5adaab048f0db0b66"}, {"coord": {"y1": 694, "x1": 1085, "y2": 759, "x2": 1574}, "field_ref_id": "a266e48011fc4f58b895ed530239783e"}, {"coord": {"y1": 829, "x1": 805, "y2": 863, "x2": 956}, "field_ref_id": "8d7d0a1af2414e7bbfc8408b7845178e"}, {"coord": {"y1": 1512, "x1": 1180, "y2": 1556, "x2": 1338}, "field_ref_id": "e839e22370b64f16a0e06af5d8bb33cb"}, {"coord": {"y1": 940, "x1": 1169, "y2": 991, "x2": 1597}, "field_ref_id": "b86601a42acd417ebbc2aeae8186afc0"}, {"coord": {"y1": 1073, "x1": 1169, "y2": 1128, "x2": 1555}, "field_ref_id": "faf209a832b244c79a466b8c5e407081"}], "width": 1700, "table_annotation": [], "ocr": "", "height": 2200}], "file_type": "pdf", "parent_doc_id": "", "tags": [], "annotated": true, "valid_for_annotation": true, "prepare_message": "", "test_document": false, "auto_annotation": false, "similarity": "Similar"}}