{"_id": "73749965577b4be099a0a88ab2e348bd", "_source": {"document_name": "w9 2.pdf", "project_id": "38cf07b882d4420aa4cfee95ca2e4a18", "storage_link": "38cf07b882d4420aa4cfee95ca2e4a18/1698839691371/w9 2.pdf", "created_time": "2023-11-01T11:54:51.399473", "created_user": "249440@ust.com", "updated_time": "2023-10-13T09:29:36.524522", "updated_user": "249440@ust.com", "locked_by": "249440@ust.com", "locked_time": "2023-11-01T12:00:57.315132", "annotation_updated_user": "249440@ust.com", "annotation_updated_time": "2023-11-01T12:00:57.315130", "business_relevance": true, "pages": [{"image_loc": "dut_image/73749965577b4be099a0a88ab2e348bd/images/w9 2_0.jpeg", "foi_annotation": [{"coord": {"y1": 260, "x1": 165, "y2": 294, "x2": 309}, "field_ref_id": "d012ac0374074955802d06521e66d321"}, {"coord": {"y1": 325, "x1": 165, "y2": 362, "x2": 365}, "field_ref_id": "71a413b8ca49454f8fddb9a0935285ce"}, {"coord": {"y1": 464, "x1": 1532, "y2": 496, "x2": 1580}, "field_ref_id": "596675705fc74c638cc88a0cfa957cc6"}, {"coord": {"y1": 565, "x1": 1471, "y2": 597, "x2": 1533}, "field_ref_id": "627d7fcb1a264675993ba5af6950164a"}, {"coord": {"y1": 695, "x1": 165, "y2": 729, "x2": 889}, "field_ref_id": "1a0586ff9ded4278b9f1e334759d8b99"}, {"coord": {"y1": 761, "x1": 163, "y2": 798, "x2": 260}, "field_ref_id": "9890f711b0fd445cbc3e8f58cf58cd06"}, {"coord": {"y1": 764, "x1": 265, "y2": 796, "x2": 416}, "field_ref_id": "c646cb074a7748f084769cc425169f51"}, {"coord": {"y1": 762, "x1": 424, "y2": 794, "x2": 507}, "field_ref_id": "67fe9746f8cc42c5adaab048f0db0b66"}, {"coord": {"y1": 827, "x1": 803, "y2": 861, "x2": 959}, "field_ref_id": "8d7d0a1af2414e7bbfc8408b7845178e"}, {"coord": {"y1": 695, "x1": 1085, "y2": 762, "x2": 1499}, "field_ref_id": "a266e48011fc4f58b895ed530239783e"}, {"coord": {"y1": 1510, "x1": 1204, "y2": 1551, "x2": 1369}, "field_ref_id": "e839e22370b64f16a0e06af5d8bb33cb"}, {"coord": {"y1": 943, "x1": 1166, "y2": 994, "x2": 1589}, "field_ref_id": "b86601a42acd417ebbc2aeae8186afc0"}, {"coord": {"y1": 1074, "x1": 1166, "y2": 1127, "x2": 1557}, "field_ref_id": "faf209a832b244c79a466b8c5e407081"}], "width": 1700, "table_annotation": [], "ocr": "", "height": 2200}], "file_type": "pdf", "parent_doc_id": "", "tags": [], "annotated": true, "valid_for_annotation": true, "prepare_message": "", "test_document": false, "auto_annotation": false, "similarity": "Similar"}}