{"_id": "190ed65261b040ed8c935c3791eab0f7", "_source": {"document_name": "w9 1.pdf", "project_id": "38cf07b882d4420aa4cfee95ca2e4a18", "storage_link": "38cf07b882d4420aa4cfee95ca2e4a18/1698839672765/w9 1.pdf", "created_time": "2023-11-01T11:54:32.792839", "created_user": "249440@ust.com", "updated_time": "2023-10-13T09:29:32.366423", "updated_user": "249440@ust.com", "locked_by": "249440@ust.com", "locked_time": "2023-11-01T12:17:42.547452", "annotation_updated_user": "249440@ust.com", "annotation_updated_time": "2023-11-01T12:17:42.547449", "business_relevance": true, "pages": [{"image_loc": "dut_image/190ed65261b040ed8c935c3791eab0f7/images/w9 1_0.jpeg", "foi_annotation": [{"coord": {"y1": 263, "x1": 165, "y2": 295, "x2": 311}, "field_ref_id": "d012ac0374074955802d06521e66d321"}, {"coord": {"y1": 330, "x1": 165, "y2": 360, "x2": 281}, "field_ref_id": "71a413b8ca49454f8fddb9a0935285ce"}, {"coord": {"y1": 464, "x1": 1532, "y2": 496, "x2": 1578}, "field_ref_id": "596675705fc74c638cc88a0cfa957cc6"}, {"coord": {"y1": 568, "x1": 1474, "y2": 598, "x2": 1532}, "field_ref_id": "627d7fcb1a264675993ba5af6950164a"}, {"coord": {"y1": 694, "x1": 163, "y2": 731, "x2": 896}, "field_ref_id": "1a0586ff9ded4278b9f1e334759d8b99"}, {"coord": {"y1": 764, "x1": 163, "y2": 796, "x2": 260}, "field_ref_id": "9890f711b0fd445cbc3e8f58cf58cd06"}, {"coord": {"y1": 764, "x1": 265, "y2": 796, "x2": 416}, "field_ref_id": "1a0586ff9ded4278b9f1e334759d8b99"}, {"coord": {"y1": 765, "x1": 424, "y2": 795, "x2": 507}, "field_ref_id": "67fe9746f8cc42c5adaab048f0db0b66"}, {"coord": {"y1": 827, "x1": 803, "y2": 861, "x2": 959}, "field_ref_id": "8d7d0a1af2414e7bbfc8408b7845178e"}, {"coord": {"y1": 694, "x1": 1085, "y2": 766, "x2": 1508}, "field_ref_id": "a266e48011fc4f58b895ed530239783e"}, {"coord": {"y1": 1509, "x1": 1208, "y2": 1557, "x2": 1371}, "field_ref_id": "e839e22370b64f16a0e06af5d8bb33cb"}, {"coord": {"y1": 1075, "x1": 1169, "y2": 1126, "x2": 1553}, "field_ref_id": "faf209a832b244c79a466b8c5e407081"}, {"coord": {"y1": 939, "x1": 1169, "y2": 992, "x2": 1595}, "field_ref_id": "b86601a42acd417ebbc2aeae8186afc0"}], "width": 1700, "table_annotation": [], "ocr": "", "height": 2200}], "file_type": "pdf", "parent_doc_id": "", "tags": [], "annotated": true, "valid_for_annotation": true, "prepare_message": "", "test_document": false, "auto_annotation": false, "similarity": "Similar"}}