{"_id": "7ce2ed1e84754a0f9fc71d7868bf8fb8", "_source": {"document_name": "hr w9 4 e.pdf", "project_id": "38cf07b882d4420aa4cfee95ca2e4a18", "storage_link": "38cf07b882d4420aa4cfee95ca2e4a18/1698839679169/hr w9 4 e.pdf", "created_time": "2023-11-01T11:54:39.193958", "created_user": "249440@ust.com", "updated_time": "2023-10-13T05:25:10.988732", "updated_user": "249440@ust.com", "locked_by": "249440@ust.com", "locked_time": "2023-11-01T12:14:03.671706", "annotation_updated_user": "249440@ust.com", "annotation_updated_time": "2023-11-01T12:14:03.671704", "business_relevance": true, "pages": [{"image_loc": "dut_image/7ce2ed1e84754a0f9fc71d7868bf8fb8/images/hr w9 4 e_0.jpeg", "foi_annotation": [{"coord": {"y1": 279, "x1": 155, "y2": 318, "x2": 463}, "field_ref_id": "d012ac0374074955802d06521e66d321"}, {"coord": {"y1": 346, "x1": 178, "y2": 385, "x2": 557}, "field_ref_id": "71a413b8ca49454f8fddb9a0935285ce"}, {"coord": {"y1": 512, "x1": 1040, "y2": 553, "x2": 1100}, "field_ref_id": "63a64577e9e64cfc997e09147ef1a728"}, {"coord": {"y1": 462, "x1": 1390, "y2": 503, "x2": 1436}, "field_ref_id": "596675705fc74c638cc88a0cfa957cc6"}, {"coord": {"y1": 580, "x1": 1281, "y2": 613, "x2": 1396}, "field_ref_id": "627d7fcb1a264675993ba5af6950164a"}, {"coord": {"y1": 720, "x1": 149, "y2": 755, "x2": 763}, "field_ref_id": "1a0586ff9ded4278b9f1e334759d8b99"}, {"coord": {"y1": 785, "x1": 142, "y2": 822, "x2": 284}, "field_ref_id": "9890f711b0fd445cbc3e8f58cf58cd06"}, {"coord": {"y1": 785, "x1": 308, "y2": 824, "x2": 574}, "field_ref_id": "c646cb074a7748f084769cc425169f51"}, {"coord": {"y1": 787, "x1": 612, "y2": 822, "x2": 773}, "field_ref_id": "67fe9746f8cc42c5adaab048f0db0b66"}, {"coord": {"y1": 853, "x1": 402, "y2": 888, "x2": 678}, "field_ref_id": "8d7d0a1af2414e7bbfc8408b7845178e"}, {"coord": {"y1": 1524, "x1": 1084, "y2": 1574, "x2": 1318}, "field_ref_id": "e839e22370b64f16a0e06af5d8bb33cb"}, {"coord": {"y1": 1095, "x1": 1052, "y2": 1145, "x2": 1410}, "field_ref_id": "faf209a832b244c79a466b8c5e407081"}, {"coord": {"y1": 962, "x1": 1048, "y2": 1010, "x2": 1452}, "field_ref_id": "b86601a42acd417ebbc2aeae8186afc0"}], "width": 1531, "table_annotation": [], "ocr": "", "height": 2339}], "file_type": "pdf", "parent_doc_id": "", "tags": [], "annotated": true, "valid_for_annotation": true, "prepare_message": "", "test_document": false, "auto_annotation": false, "similarity": "Similar"}}