{"_id": "1f411bcfb85f4cc3817334eecef1b4d8", "_source": {"document_name": "hr w9 2 e.pdf", "project_id": "38cf07b882d4420aa4cfee95ca2e4a18", "storage_link": "38cf07b882d4420aa4cfee95ca2e4a18/1698839666379/hr w9 2 e.pdf", "created_time": "2023-11-01T11:54:26.406414", "created_user": "249440@ust.com", "updated_time": "2023-10-13T05:27:40.281801", "updated_user": "249440@ust.com", "locked_by": "249440@ust.com", "locked_time": "2023-11-01T12:29:35.075082", "annotation_updated_user": "249440@ust.com", "annotation_updated_time": "2023-11-01T12:29:35.075080", "business_relevance": true, "pages": [{"image_loc": "dut_image/1f411bcfb85f4cc3817334eecef1b4d8/images/hr w9 2 e_0.jpeg", "foi_annotation": [{"coord": {"y1": 253, "x1": 203, "y2": 286, "x2": 617}, "field_ref_id": "d012ac0374074955802d06521e66d321"}, {"coord": {"y1": 317, "x1": 188, "y2": 355, "x2": 525}, "field_ref_id": "71a413b8ca49454f8fddb9a0935285ce"}, {"coord": {"y1": 428, "x1": 1487, "y2": 468, "x2": 1552}, "field_ref_id": "596675705fc74c638cc88a0cfa957cc6"}, {"coord": {"y1": 542, "x1": 1397, "y2": 573, "x2": 1532}, "field_ref_id": "627d7fcb1a264675993ba5af6950164a"}, {"coord": {"y1": 682, "x1": 163, "y2": 720, "x2": 862}, "field_ref_id": "1a0586ff9ded4278b9f1e334759d8b99"}, {"coord": {"y1": 750, "x1": 183, "y2": 788, "x2": 291}, "field_ref_id": "9890f711b0fd445cbc3e8f58cf58cd06"}, {"coord": {"y1": 750, "x1": 326, "y2": 786, "x2": 421}, "field_ref_id": "c646cb074a7748f084769cc425169f51"}, {"coord": {"y1": 753, "x1": 473, "y2": 784, "x2": 626}, "field_ref_id": "67fe9746f8cc42c5adaab048f0db0b66"}, {"coord": {"y1": 1476, "x1": 1177, "y2": 1528, "x2": 1478}, "field_ref_id": "e839e22370b64f16a0e06af5d8bb33cb"}, {"coord": {"y1": 817, "x1": 434, "y2": 853, "x2": 780}, "field_ref_id": "8d7d0a1af2414e7bbfc8408b7845178e"}, {"coord": {"y1": 1050, "x1": 1132, "y2": 1099, "x2": 1523}, "field_ref_id": "faf209a832b244c79a466b8c5e407081"}, {"coord": {"y1": 923, "x1": 1134, "y2": 968, "x2": 1561}, "field_ref_id": "b86601a42acd417ebbc2aeae8186afc0"}], "width": 1653, "table_annotation": [], "ocr": "", "height": 2253}], "file_type": "pdf", "parent_doc_id": "", "tags": [], "annotated": true, "valid_for_annotation": true, "prepare_message": "", "test_document": false, "auto_annotation": false, "similarity": "Similar"}}