{"_id": "a32561d948a844738319de41fa3011a8", "_source": {"document_name": "W9 9.pdf", "project_id": "38cf07b882d4420aa4cfee95ca2e4a18", "storage_link": "38cf07b882d4420aa4cfee95ca2e4a18/1698839675868/W9 9.pdf", "created_time": "2023-11-01T11:54:35.895660", "created_user": "249440@ust.com", "updated_time": "2023-10-13T05:25:50.182066", "updated_user": "249440@ust.com", "locked_by": "249440@ust.com", "locked_time": "2023-11-01T12:16:16.322657", "annotation_updated_user": "249440@ust.com", "annotation_updated_time": "2023-11-01T12:16:16.322656", "business_relevance": true, "pages": [{"image_loc": "dut_image/a32561d948a844738319de41fa3011a8/images/W9 9_0.jpeg", "foi_annotation": [{"coord": {"y1": 263, "x1": 165, "y2": 295, "x2": 348}, "field_ref_id": "d012ac0374074955802d06521e66d321"}, {"coord": {"y1": 324, "x1": 165, "y2": 363, "x2": 428}, "field_ref_id": "71a413b8ca49454f8fddb9a0935285ce"}, {"coord": {"y1": 466, "x1": 1534, "y2": 498, "x2": 1575}, "field_ref_id": "596675705fc74c638cc88a0cfa957cc6"}, {"coord": {"y1": 566, "x1": 1471, "y2": 596, "x2": 1533}, "field_ref_id": "627d7fcb1a264675993ba5af6950164a"}, {"coord": {"y1": 500, "x1": 1173, "y2": 527, "x2": 1217}, "field_ref_id": "63a64577e9e64cfc997e09147ef1a728"}, {"coord": {"y1": 694, "x1": 165, "y2": 731, "x2": 330}, "field_ref_id": "1a0586ff9ded4278b9f1e334759d8b99"}, {"coord": {"y1": 757, "x1": 163, "y2": 794, "x2": 309}, "field_ref_id": "9890f711b0fd445cbc3e8f58cf58cd06"}, {"coord": {"y1": 761, "x1": 316, "y2": 793, "x2": 348}, "field_ref_id": "c646cb074a7748f084769cc425169f51"}, {"coord": {"y1": 761, "x1": 356, "y2": 795, "x2": 428}, "field_ref_id": "67fe9746f8cc42c5adaab048f0db0b66"}, {"coord": {"y1": 829, "x1": 803, "y2": 861, "x2": 954}, "field_ref_id": "8d7d0a1af2414e7bbfc8408b7845178e"}, {"coord": {"y1": 695, "x1": 1085, "y2": 757, "x2": 1504}, "field_ref_id": "a266e48011fc4f58b895ed530239783e"}, {"coord": {"y1": 1511, "x1": 1204, "y2": 1555, "x2": 1376}, "field_ref_id": "e839e22370b64f16a0e06af5d8bb33cb"}, {"coord": {"y1": 1075, "x1": 1169, "y2": 1126, "x2": 1555}, "field_ref_id": "faf209a832b244c79a466b8c5e407081"}, {"coord": {"y1": 942, "x1": 1169, "y2": 988, "x2": 1592}, "field_ref_id": "b86601a42acd417ebbc2aeae8186afc0"}], "width": 1700, "table_annotation": [], "ocr": "", "height": 2200}], "file_type": "pdf", "parent_doc_id": "", "tags": [], "annotated": true, "valid_for_annotation": true, "prepare_message": "", "test_document": false, "auto_annotation": false, "similarity": "Similar"}}