{"_id": "20a9b96c97b04412b9d8c65d334607b8", "_source": {"document_name": "hr w9 3 e.pdf", "project_id": "38cf07b882d4420aa4cfee95ca2e4a18", "storage_link": "38cf07b882d4420aa4cfee95ca2e4a18/1698839691970/hr w9 3 e.pdf", "created_time": "2023-11-01T11:54:51.997047", "created_user": "249440@ust.com", "updated_time": "2023-10-13T05:27:51.153654", "updated_user": "249440@ust.com", "locked_by": "249440@ust.com", "locked_time": "2023-11-01T11:58:18.318249", "annotation_updated_user": "249440@ust.com", "annotation_updated_time": "2023-11-01T11:58:18.318247", "business_relevance": true, "pages": [{"image_loc": "dut_image/20a9b96c97b04412b9d8c65d334607b8/images/hr w9 3 e_0.jpeg", "foi_annotation": [{"coord": {"y1": 255, "x1": 174, "y2": 293, "x2": 445}, "field_ref_id": "d012ac0374074955802d06521e66d321"}, {"coord": {"y1": 327, "x1": 163, "y2": 365, "x2": 511}, "field_ref_id": "71a413b8ca49454f8fddb9a0935285ce"}, {"coord": {"y1": 438, "x1": 1474, "y2": 476, "x2": 1532}, "field_ref_id": "596675705fc74c638cc88a0cfa957cc6"}, {"coord": {"y1": 553, "x1": 1383, "y2": 580, "x2": 1462}, "field_ref_id": "627d7fcb1a264675993ba5af6950164a"}, {"coord": {"y1": 692, "x1": 129, "y2": 725, "x2": 828}, "field_ref_id": "1a0586ff9ded4278b9f1e334759d8b99"}, {"coord": {"y1": 760, "x1": 151, "y2": 793, "x2": 318}, "field_ref_id": "9890f711b0fd445cbc3e8f58cf58cd06"}, {"coord": {"y1": 758, "x1": 348, "y2": 794, "x2": 597}, "field_ref_id": "c646cb074a7748f084769cc425169f51"}, {"coord": {"y1": 758, "x1": 622, "y2": 794, "x2": 796}, "field_ref_id": "67fe9746f8cc42c5adaab048f0db0b66"}, {"coord": {"y1": 1486, "x1": 1155, "y2": 1540, "x2": 1431}, "field_ref_id": "e839e22370b64f16a0e06af5d8bb33cb"}, {"coord": {"y1": 937, "x1": 1109, "y2": 982, "x2": 1534}, "field_ref_id": "b86601a42acd417ebbc2aeae8186afc0"}, {"coord": {"y1": 1061, "x1": 1112, "y2": 1110, "x2": 1496}, "field_ref_id": "faf209a832b244c79a466b8c5e407081"}], "width": 1653, "table_annotation": [], "ocr": "", "height": 2291}], "file_type": "pdf", "parent_doc_id": "", "tags": [], "annotated": true, "valid_for_annotation": true, "prepare_message": "", "test_document": false, "auto_annotation": false, "similarity": "Similar"}}