{"_id": "1eef3cd9b28e4a6d8312ff6c7ebfb8a6", "_source": {"document_name": "hr w9 1 e.pdf", "project_id": "38cf07b882d4420aa4cfee95ca2e4a18", "storage_link": "38cf07b882d4420aa4cfee95ca2e4a18/1698839663842/hr w9 1 e.pdf", "created_time": "2023-11-01T11:54:23.872366", "created_user": "249440@ust.com", "updated_time": "2023-10-13T05:27:30.483079", "updated_user": "249440@ust.com", "locked_by": "249440@ust.com", "locked_time": "2023-11-01T12:20:47.301943", "annotation_updated_user": "249440@ust.com", "annotation_updated_time": "2023-11-01T12:20:47.301942", "business_relevance": true, "pages": [{"image_loc": "dut_image/1eef3cd9b28e4a6d8312ff6c7ebfb8a6/images/hr w9 1 e_0.jpeg", "foi_annotation": [{"coord": {"y1": 260, "x1": 224, "y2": 298, "x2": 534}, "field_ref_id": "d012ac0374074955802d06521e66d321"}, {"coord": {"y1": 327, "x1": 240, "y2": 363, "x2": 586}, "field_ref_id": "71a413b8ca49454f8fddb9a0935285ce"}, {"coord": {"y1": 441, "x1": 1485, "y2": 484, "x2": 1532}, "field_ref_id": "596675705fc74c638cc88a0cfa957cc6"}, {"coord": {"y1": 552, "x1": 1410, "y2": 581, "x2": 1557}, "field_ref_id": "627d7fcb1a264675993ba5af6950164a"}, {"coord": {"y1": 681, "x1": 1068, "y2": 762, "x2": 1602}, "field_ref_id": "a266e48011fc4f58b895ed530239783e"}, {"coord": {"y1": 684, "x1": 183, "y2": 717, "x2": 848}, "field_ref_id": "1a0586ff9ded4278b9f1e334759d8b99"}, {"coord": {"y1": 750, "x1": 197, "y2": 783, "x2": 355}, "field_ref_id": "9890f711b0fd445cbc3e8f58cf58cd06"}, {"coord": {"y1": 746, "x1": 387, "y2": 784, "x2": 613}, "field_ref_id": "c646cb074a7748f084769cc425169f51"}, {"coord": {"y1": 745, "x1": 663, "y2": 781, "x2": 816}, "field_ref_id": "c646cb074a7748f084769cc425169f51"}, {"coord": {"y1": 802, "x1": 543, "y2": 842, "x2": 871}, "field_ref_id": "8d7d0a1af2414e7bbfc8408b7845178e"}, {"coord": {"y1": 1456, "x1": 1202, "y2": 1508, "x2": 1428}, "field_ref_id": "e839e22370b64f16a0e06af5d8bb33cb"}, {"coord": {"y1": 1041, "x1": 1145, "y2": 1090, "x2": 1525}, "field_ref_id": "faf209a832b244c79a466b8c5e407081"}, {"coord": {"y1": 919, "x1": 1148, "y2": 962, "x2": 1562}, "field_ref_id": "b86601a42acd417ebbc2aeae8186afc0"}], "width": 1653, "table_annotation": [], "ocr": "", "height": 2179}], "file_type": "pdf", "parent_doc_id": "", "tags": [], "annotated": true, "valid_for_annotation": true, "prepare_message": "", "test_document": false, "auto_annotation": false, "similarity": "Similar"}}