{"_id": "fc2cf69e63894456bf892ffd13f666a1", "_source": {"document_name": "w9 5.pdf", "project_id": "38cf07b882d4420aa4cfee95ca2e4a18", "storage_link": "38cf07b882d4420aa4cfee95ca2e4a18/1698839689369/w9 5.pdf", "created_time": "2023-11-01T11:54:49.398928", "created_user": "249440@ust.com", "updated_time": "2023-10-13T05:25:24.358048", "updated_user": "249440@ust.com", "locked_by": "249440@ust.com", "locked_time": "2023-11-01T12:06:37.339372", "annotation_updated_user": "249440@ust.com", "annotation_updated_time": "2023-11-01T12:06:37.339370", "business_relevance": true, "pages": [{"image_loc": "dut_image/fc2cf69e63894456bf892ffd13f666a1/images/w9 5_0.jpeg", "foi_annotation": [{"coord": {"y1": 258, "x1": 167, "y2": 295, "x2": 323}, "field_ref_id": "d012ac0374074955802d06521e66d321"}, {"coord": {"y1": 328, "x1": 165, "y2": 362, "x2": 318}, "field_ref_id": "71a413b8ca49454f8fddb9a0935285ce"}, {"coord": {"y1": 466, "x1": 1534, "y2": 498, "x2": 1575}, "field_ref_id": "596675705fc74c638cc88a0cfa957cc6"}, {"coord": {"y1": 566, "x1": 1474, "y2": 598, "x2": 1534}, "field_ref_id": "627d7fcb1a264675993ba5af6950164a"}, {"coord": {"y1": 695, "x1": 163, "y2": 729, "x2": 337}, "field_ref_id": "1a0586ff9ded4278b9f1e334759d8b99"}, {"coord": {"y1": 758, "x1": 163, "y2": 795, "x2": 277}, "field_ref_id": "9890f711b0fd445cbc3e8f58cf58cd06"}, {"coord": {"y1": 762, "x1": 288, "y2": 794, "x2": 329}, "field_ref_id": "c646cb074a7748f084769cc425169f51"}, {"coord": {"y1": 761, "x1": 340, "y2": 795, "x2": 416}, "field_ref_id": "67fe9746f8cc42c5adaab048f0db0b66"}, {"coord": {"y1": 819, "x1": 805, "y2": 860, "x2": 956}, "field_ref_id": "8d7d0a1af2414e7bbfc8408b7845178e"}, {"coord": {"y1": 691, "x1": 1087, "y2": 763, "x2": 1485}, "field_ref_id": "a266e48011fc4f58b895ed530239783e"}, {"coord": {"y1": 1514, "x1": 1180, "y2": 1558, "x2": 1336}, "field_ref_id": "e839e22370b64f16a0e06af5d8bb33cb"}, {"coord": {"y1": 1080, "x1": 1171, "y2": 1124, "x2": 1555}, "field_ref_id": "faf209a832b244c79a466b8c5e407081"}, {"coord": {"y1": 940, "x1": 1166, "y2": 991, "x2": 1596}, "field_ref_id": "b86601a42acd417ebbc2aeae8186afc0"}], "width": 1700, "table_annotation": [], "ocr": "", "height": 2200}], "file_type": "pdf", "parent_doc_id": "", "tags": [], "annotated": true, "valid_for_annotation": true, "prepare_message": "", "test_document": false, "auto_annotation": false, "similarity": "Similar"}}