{"_id": "6aa90f39e77947e79a48895eedbe606f", "_source": {"document_name": "hr w9 5 e.pdf", "project_id": "38cf07b882d4420aa4cfee95ca2e4a18", "storage_link": "38cf07b882d4420aa4cfee95ca2e4a18/1698839684632/hr w9 5 e.pdf", "created_time": "2023-11-01T11:54:44.665070", "created_user": "249440@ust.com", "updated_time": "2023-10-13T05:28:01.420591", "updated_user": "249440@ust.com", "locked_by": "249440@ust.com", "locked_time": "2023-11-01T12:10:34.848432", "annotation_updated_user": "249440@ust.com", "annotation_updated_time": "2023-11-01T12:10:34.848426", "business_relevance": true, "pages": [{"image_loc": "dut_image/6aa90f39e77947e79a48895eedbe606f/images/hr w9 5 e_0.jpeg", "foi_annotation": [{"coord": {"y1": 255, "x1": 176, "y2": 293, "x2": 495}, "field_ref_id": "d012ac0374074955802d06521e66d321"}, {"coord": {"y1": 326, "x1": 192, "y2": 364, "x2": 529}, "field_ref_id": "71a413b8ca49454f8fddb9a0935285ce"}, {"coord": {"y1": 429, "x1": 1478, "y2": 474, "x2": 1550}, "field_ref_id": "596675705fc74c638cc88a0cfa957cc6"}, {"coord": {"y1": 551, "x1": 1374, "y2": 582, "x2": 1482}, "field_ref_id": "627d7fcb1a264675993ba5af6950164a"}, {"coord": {"y1": 688, "x1": 149, "y2": 726, "x2": 1034}, "field_ref_id": "1a0586ff9ded4278b9f1e334759d8b99"}, {"coord": {"y1": 759, "x1": 151, "y2": 795, "x2": 307}, "field_ref_id": "9890f711b0fd445cbc3e8f58cf58cd06"}, {"coord": {"y1": 761, "x1": 342, "y2": 794, "x2": 595}, "field_ref_id": "c646cb074a7748f084769cc425169f51"}, {"coord": {"y1": 758, "x1": 631, "y2": 791, "x2": 812}, "field_ref_id": "67fe9746f8cc42c5adaab048f0db0b66"}, {"coord": {"y1": 686, "x1": 1064, "y2": 769, "x2": 1627}, "field_ref_id": "a266e48011fc4f58b895ed530239783e"}, {"coord": {"y1": 1499, "x1": 1182, "y2": 1546, "x2": 1499}, "field_ref_id": "e839e22370b64f16a0e06af5d8bb33cb"}, {"coord": {"y1": 1064, "x1": 1127, "y2": 1111, "x2": 1514}, "field_ref_id": "faf209a832b244c79a466b8c5e407081"}, {"coord": {"y1": 930, "x1": 1125, "y2": 975, "x2": 1552}, "field_ref_id": "b86601a42acd417ebbc2aeae8186afc0"}], "width": 1653, "table_annotation": [], "ocr": "", "height": 2321}], "file_type": "pdf", "parent_doc_id": "", "tags": [], "annotated": true, "valid_for_annotation": true, "prepare_message": "", "test_document": false, "auto_annotation": false, "similarity": "Similar"}}