{"_id": "885abeab4a8f4e4197e4b1eb75bf65fa", "_source": {"document_name": "OD123670057510200000.pdf", "project_id": "7bb6490c8baa4ba9baeee046e0888e35", "storage_link": "7bb6490c8baa4ba9baeee046e0888e35/1696400305/OD123670057510200000.pdf", "created_time": "2023-10-04T06:18:25.508016", "created_user": "249440@ust.com", "updated_time": "2023-10-04T06:21:53.258676", "updated_user": "249440@ust.com", "locked_by": "249440@ust.com", "locked_time": "2023-10-04T09:20:25.914827", "annotation_updated_user": "249440@ust.com", "annotation_updated_time": "2023-10-04T09:18:11.825771", "business_relevance": true, "pages": [{"image_loc": "dut_image/885abeab4a8f4e4197e4b1eb75bf65fa/images/OD123670057510200000_0.jpeg", "foi_annotation": [{"coord": {"y1": 240, "x1": 1367, "y2": 276, "x2": 1573}, "field_ref_id": "8ce6b585524644c699d6870494487910"}, {"coord": {"y1": 303, "x1": 131, "y2": 364, "x2": 436}, "field_ref_id": "438fa462574f43f49c383b8f6bac9806"}, {"coord": {"y1": 366, "x1": 160, "y2": 406, "x2": 295}, "field_ref_id": "d4519c3805aa46c49b78d77c467f0e94"}, {"coord": {"y1": 407, "x1": 179, "y2": 452, "x2": 323}, "field_ref_id": "2795bb04afee43578be5bbb9c5900733"}, {"coord": {"y1": 1014, "x1": 1453, "y2": 1063, "x2": 1588}, "field_ref_id": "d07a1b4a52cf4b92bd4f4f4cd193a8a2"}], "width": 1653, "table_annotation": [{"coord": {"y1": 606, "x1": 0, "y2": 976, "x2": 1589}, "table_ref_id": "0ba4cb5fb8f44a94bf6472715821d1bc", "column_coord": [{"y1": 606, "x1": 0, "y2": 975, "x2": 303}, {"y1": 606, "x1": 0, "y2": 975, "x2": 724}, {"y1": 606, "x1": 0, "y2": 975, "x2": 840}, {"y1": 606, "x1": 0, "y2": 975, "x2": 985}, {"y1": 606, "x1": 0, "y2": 975, "x2": 1166}, {"y1": 606, "x1": 0, "y2": 975, "x2": 1327}, {"y1": 606, "x1": 0, "y2": 975, "x2": 1451}]}], "ocr": "", "height": 2339}], "file_type": "pdf", "parent_doc_id": "", "tags": [], "annotated": true, "valid_for_annotation": true, "prepare_message": "", "test_document": false, "auto_annotation": false, "similarity": "New"}}