{"_id": "4cc1ca19567d4ca689b107b139593130", "_source": {"document_name": "9267301694.pdf", "project_id": "7bb6490c8baa4ba9baeee046e0888e35", "storage_link": "7bb6490c8baa4ba9baeee046e0888e35/1696400304/9267301694.pdf", "created_time": "2023-10-04T06:18:25.197274", "created_user": "249440@ust.com", "updated_time": "2023-10-04T06:21:51.814746", "updated_user": "249440@ust.com", "locked_by": "249440@ust.com", "locked_time": "2023-10-05T04:46:46.977132", "annotation_updated_user": "249440@ust.com", "annotation_updated_time": "2023-10-04T09:22:26.321636", "business_relevance": true, "pages": [{"image_loc": "dut_image/4cc1ca19567d4ca689b107b139593130/images/9267301694_0.jpeg", "foi_annotation": [{"coord": {"y1": 105, "x1": 219, "y2": 134, "x2": 394}, "field_ref_id": "8ce6b585524644c699d6870494487910"}, {"coord": {"y1": 134, "x1": 216, "y2": 159, "x2": 458}, "field_ref_id": "a2642793de224b728f64fee1ab38686e"}, {"coord": {"y1": 135, "x1": 649, "y2": 163, "x2": 764}, "field_ref_id": "2795bb04afee43578be5bbb9c5900733"}, {"coord": {"y1": 162, "x1": 639, "y2": 192, "x2": 754}, "field_ref_id": "d4519c3805aa46c49b78d77c467f0e94"}, {"coord": {"y1": 758, "x1": 756, "y2": 783, "x2": 805}, "field_ref_id": "d07a1b4a52cf4b92bd4f4f4cd193a8a2"}], "width": 820, "table_annotation": [], "ocr": "", "height": 1189}], "file_type": "pdf", "parent_doc_id": "", "tags": [], "annotated": true, "valid_for_annotation": true, "prepare_message": "", "test_document": false, "auto_annotation": false, "similarity": "New"}}